Azure_Score,AWS_Score,Google_Score,IBM_Score,Manual_label
0.8875421882,0.5,0,0.987951,1
0.8326028585,0.6,0.1000000015,0.655981,1
0.5,0.5,0.1000000015,0,1
0.7921944857,0.5,0.1000000015,0.580306,1
0.7495814562,0.5,0.1,0.683194,2
0.5,0.5,0,0.427012,1
0.5,0.5,0,0.990295,1
0.5,0.5,-0.200000003,-0.24186,1
0.5,0.5,-0.1000000015,-0.516043,1
0.5,0.5,0.3000000119,0,2
0.5,0.7,0,0,0
0.5,0.5,0,0.876166,1
0.5,0.5,0.400000006,0.892833,1
0.5,0.5,0.400000006,0.932051,2
0.5,0.5,0.8000000119,0.931991,1
0.5,0.5,0.3000000119,0.81212,1
0.7487565875,0.5,0,0.918546,1
0.5,0.5,-0.1000000015,0.724225,1
0.5,0.5,0.200000003,0.87895,1
0.8760291934,0.5,0,0.844538,2
0.8244692087,0.5,0.200000003,0.590421,1
0.5,0.5,0.3000000119,0.815343,1
0.5,0.5,0,0.654059,2
0.5,0.5,0.6000000238,0.867419,1
0.5,0.6,0.400000006,0.931685,1
0.8673113585,0.5,0,0.386466,0
0.5,0.4,0.3000000119,0.795086,1
0.5,0.5,0,0.460248,1
0.5,0.7,0.400000006,0.998674,1
0.8310141563,0.5,0.3000000119,0.911229,1
0.5,0.5,0.200000003,0.652505,1
0.7179530263,0.5,0.3000000119,0.62968,1
0.5,0.5,0.5,0.884756,1
0.9589054585,0.5,-0.200000003,-0.449016,0
0.8807842731,0.5,0.400000006,0.774048,1
0.5,0.5,0.400000006,0.887718,1
0.8744556904,0.5,0.3000000119,0.72143,1
0.9447548985,0.5,-0.3000000119,0.410063,1
0.9602634907,0.5,0.3000000119,0.573685,2
0.5,0.5,0.5,0.761691,1
0.9509230852,0.5,0.5,0.938316,1
0.5,0.5,0.6000000238,0.915053,1
0.5,0.5,0.6000000238,0.852729,1
0.7176412344,0.5,0.200000003,0.749032,1
0.9449238777,0.7,-0.200000003,-0.359171,1
0.5,0.5,0.200000003,0.681816,1
0.8013297915,0.5,0.400000006,0.788475,1
0.5,0.8,0,0.834782,1
0.5,0.5,0.3000000119,0.92161,1
0.8247823715,0.5,0.400000006,0.869526,1
0.5,0.5,0,0.5246,1
0.756015718,0.5,0.3000000119,0.835563,1
0.9266140461,0.5,0.5,0.907673,1
0.5,0.6,0.4,0.559877,2
0.5,6,0.400000006,0.916148,1
0.5,0.97,-0.400000006,-0.852252,0
0.9599943161,0.4,0.5,0.927146,1
0.5,0.5,0.200000003,0.836787,2
0.5,0.6,0.3000000119,0.880863,1
0.5,0.5,0.1000000015,0.617331,2
0.7651556134,0.5,0,0.779701,2
0.756015718,0.5,0.200000003,0.684152,1
0.2851483524,0.87,0,0.610463,1
0.8275827169,0.5,0.1000000015,0.747194,2
0.5,0.55,0.400000006,0.670171,1
0.5,0.4,0.5,0.861906,1
0.7884715199,0.5,0,0,1
0.5,0.5,0,0.699863,2
0.5,0.5,0.200000003,0.775696,1
0.5,0.65,0.5,0.871649,1
0.5,0.6,0.1000000015,0.667461,2
0.706682086,0.5,0.3000000119,0.916825,1
0.7405976057,0.5,0.3000000119,0.688036,1
0.5,0.89,0.1000000015,0.794763,2
0.5,0.5,0.200000003,0.929593,1
0.5,0.6,0.3000000119,0.695052,2
0.5,0.5,0.3000000119,0.833731,1
0.8840167522,0.65,-0.1000000015,0.829679,1
0.8722343445,0.5,0,0.366163,2
0.5,0.5,0.200000003,0.886638,2
0.5,0.56,0.400000006,0.817759,2
0.9125169516,0.905,0.200000003,0.69442,2
0.706682086,0.6,0.200000003,0.83048,1
0.7963199615,0.5,0.3000000119,0.729793,1
0.9261189699,0.5,0,0.736249,2
0.5,0.5,0.400000006,0.605484,1
0.5,0.5,0.1000000015,0.629375,1
0.859506011,0.5,0,0.755839,1
0.5,0.5,0,0.545071,1
0.5,0.5,0.3000000119,0.492583,1
0.5,0.64,0.4,0.614538,2
0.5,0.5,0.1000000015,0.80475,1
0.5,0.5,0.200000003,0.952459,2
0.5,0.9,0.2,0.655746,1
0.7094016075,0.5,0.200000003,0.326322,2
0.5,0.5,0.5,-0.462628,2
0.5,0.5,-0.5,-0.521112,2
0.5,0.5,0.200000003,0.972414,2
0.5,0.7,0.42,0.285095,2
0.5,0.5,-0.1000000015,0.766386,2
0.7997919321,0.5,0.200000003,0.785524,2
0.8410710692,0.6,0.200000003,0.45803,1
0.5,0.6,0.400000006,0.795008,1
0.9480788708,0.98,0.9,0.988573,2
0.9313516021,0.8,0.5,0.958134,1
0.5,0.9,-0.1000000015,0.801903,2
0.5,0.296,0.200000003,0.94317,2
0.9807326794,0.5,0.1000000015,0.768429,1
0.5,0.5,0.1000000015,0.809345,1
0.5,0.5,0,0.988573,2
0.5,0.87,0.3000000119,0.673964,1
0.5,0.56,0,0.621902,2
0.8291083574,0.5,0,0,2
0.5,0.5,0,0.549145,2
0.5,0.2,0.1000000015,0.559908,1
0.5,0.5,0.200000003,0.527004,0
0.5,0.5,0,0.684462,2
0.5,0.5,0,0.471062,2
0.8636938334,0.5,0,0.988573,2
0.9126435518,0.9,0.200000003,0.569771,2
0.5,0.5,0.200000003,0.769522,2
0.5,0.5,0.1000000015,0.69805,2
0.5,0.5,0,0.988573,2
0.5,0.93,0.6,0.755059,2
0.9704017639,0.9,0.400000006,0.479401,2
0.9287166595,0.5,0.3000000119,0.919998,1
0.5,0.81,0.400000006,0.852284,1
0.5,0.71,0.400000006,0.91792,1
0.7551761866,0.88,0.8,0,2
0.5,0.5,0.1000000015,0.847705,0
0.8556266427,0.4,0.1000000015,0.908568,1
0.5,0.5,0,0.829015,1
0.5,0.67,0,0,2
0.5,0.5,-0.1000000015,0.477986,0
0.5,0.1,-0.1,-0.477788,0
0.5,0.5,0.1000000015,0.875768,2
0.7429530621,0.5,0.3000000119,0.739308,2
0.5,0.5,0.3000000119,0.792806,1
0.5,0.5,0.3000000119,0.801836,1
0.8076367378,0.5,0,0.739117,2
0.8378398418,0.92,0,0.721133,0
0.5,0.5,0.3000000119,0.90052,1
0.9350368381,0.5,0.3000000119,0.481687,2
0.7632597685,0.94,0.1000000015,0.844868,2
0.9346239567,0.6,0.7,0.47644,2
0.5,0.5,0.3000000119,0.678515,2
0.8644337058,0.48,0.3,0.418501,2
0.7710066438,0.5,0.200000003,0.872548,1
0.918697238,0.74,-0.200000003,0.578894,1
0.5,0.5,0,0,2
0.5,0.5,0,0.394711,2
0.9500648975,0.5,0.3,0,2
0.5,0.5,0,0.651486,1
0.5,0.5,0,0.306599,2
0.9236762524,0.67,0.7,0.781138,1
0.9465673566,0.7,-0.1000000015,0,2
0.692086935,0.5,0.3000000119,0.691652,1
0.7569842339,0.93,0.8,0,2
0.9769499302,0.5,0.7,0,2
0.9591155648,0.48,0.3000000119,0.606894,0
0.5,0.5,0.1000000015,0,2
0.9515138865,0.5,0.5,0.499114,0
0.5,0.5,0,0.306599,2
0.5,0.67,0.1000000015,0.521035,2
0.5,0.5,0,0,2
0.5,0.5,0.400000006,0.805806,1
0.5,0.8,-0.1000000015,0,2
0.5,0.5,0.400000006,0.700641,1
0.5,0.91,0,0,2
0.5,0.5,0,-0.658645,2
0.7038143277,0.5,0.4,0.62096,2
0.5,0.5,0,-0.506176,2
0.5,0.5,0,0.646895,2
0.5,0.5,0,0.306599,2
0.9321516156,0.67,0.8,0.695111,2
0.5,0.5,0,0,2
0.2918120921,0.5,-0.1,0,2
0.5,5,0.1000000015,-0.243014,2
0.5,0.5,0.1000000015,0.758873,2
0.5,0.5,-0.1000000015,0,2
0.8590108752,0.5,0.1000000015,0.767987,1
0.9219050407,0.5,0.1000000015,0.718589,1
0.7214415073,0.5,0.1,0,2
0.8714878559,0.5,0.1000000015,0,2
0.5,0.5,0,0,2
0.5,0.5,-0.3000000119,0.377032,0
0.5,0.1,0,0,2
0.5,0.49,0,0.464252,1
0.9415260553,0.35,0.5,0,2
0.9010676146,0.5,0.6,0,2
0.9341292381,0.5,0.6,0.52319,2
0.9290569425,0.5,0.6,0.640313,2
0.8978849649,0.5,0.200000003,0.582623,1
0.7977266908,0.5,0.5,0,2
0.7696380615,0.5,0.1000000015,0.457043,2
0.961006999,0.5,-0.1000000015,0,2
0.5,0.5,0.200000003,-0.284321,1
0.5,0.65,0,-0.286424,2
0.5,0.5,0.3000000119,0.452501,1
0.5,0.6,0,0,2
0.5,0.5,0.400000006,0.95907,2
0.9290569425,0.9,0.4,0,2
0.5,0.5,0,0.978613,2
0.5,0.45,0.1000000015,0.452953,1
0.5,0.5,0,0.795332,1
0.5,0.97,0.3000000119,0.753697,2
0.7472063899,0.7,0.3000000119,0.573718,1
0.5,0.7,0.200000003,0.656279,1
0.7697468996,0.69,0.1000000015,0.512178,2
0.7557291985,0.5,0.400000006,0.98948,2
0.5,0.89,0,0.306599,2
0.2686776221,0.67,0.200000003,0.810917,1
0.9157865047,0.5,0,0.554206,2
0.5,0.5,0.200000003,0.878535,1
0.5,0.5,0.200000003,0.676266,1
0.5,0.5,0,0.829637,1
0.9949998856,0.5,0.200000003,0.892364,1
0.5,0.5,0.3000000119,0.909994,1
0.9329429865,0.5,0.6000000238,0.89541,1
0.8268076181,0.97,0.1000000015,0.476141,1
0.7219916582,0.5,0.3,0,2
0.5,0.5,0,0,2
0.5,0.5,0.1000000015,0.889876,1
0.7111588717,0.5,0.1000000015,0.728187,1
0.9285314679,0.5,-0.1000000015,-0.620107,1
0.5,0.5,0.200000003,0.341889,1
0.9257214665,0.5,0.4,0.773762,1
0.8267521858,0.5,0.5,0.559325,1
0.5,0.5,0.1000000015,0.38114,0
0.8848055601,0.5,0.5,0.770764,1
0.5,0.5,0,0,2
0.9290569425,0.5,0.200000003,0.819907,1
0.8471912146,0.5,0.4,0,2
0.8908494711,0.5,-0.1000000015,0,2
0.970436573,0.5,0.5,0,2
0.5,0.5,0,0,2
0.7700710893,0.5,0.4,0.868015,2
0.5,0.5,0.3000000119,0.774935,1
0.5,0.5,0.2,0,2
0.932043314,0.5,0.200000003,0.878962,0
0.5,0.5,-0.1000000015,0,2
0.9451947212,0.5,-0.1000000015,0,2
0.973050952,0.5,0.6000000238,0.893483,1
0.5,0.97,0,0,2
0.5,0.5,0,0,2
0.7651617527,0.5,0.3,0,2
0.5,0.5,0,0.440242,1
0.7663900852,0.6,0.5,0.306599,2
0.5,0.67,0.400000006,0.830761,1
0.5,0.86,0.1,0,2
0.8002191186,0.49,0.1000000015,0.683148,0
0.8694370985,0.5,-0.1000000015,0,2
0.5,0.5,0.200000003,0.758612,1
0.9500496984,0.8,0.200000003,0.672924,1
0.5,0.56,0,0.566248,1
0.6705589294,0.5,0.2,0,2
0.9081350565,0.5,0.4,0,2
0.5,0.5,0,0,2
0.5,0.5,0,0.293493,0
0.5,0.1,0,0,2
0.9603591561,0.49,0.400000006,0,2
0.9623154998,0.499,-0.1000000015,0,2
0.5,0.5,0.1000000015,0,2
0.5,0.48,0.3000000119,0.819971,1
0.5,0.5,0.1,0,2
0.5,0.48,0.1,0.756149,0
0.8628481627,0.5,-0.1000000015,0,1
0.9693481922,0.45,0.3,0.61404,1
0.8473459482,0.5,0.3000000119,0.701087,1
0.7629642487,0.96,0.1,0,2
0.7496047616,0.5,0.2,0,2
0.5,0.5,0,0.928257,2
0.8032824397,0.5,0,0.529446,2
0.5,0.5,0,0,2
0.5,0.49,0.200000003,0.567839,1
0.8698134422,0.5,0.1000000015,0.561819,1
0.5,0.5,-0.1000000015,0,2
0.5,0.5,0.3000000119,0.727793,1
0.5,0.86,0.2,0,2
0.5,0.5,0,0,2
0.9015560746,0.5,0,0.685344,2
0.5,0.5,0.1000000015,0.407392,2
0.8672091365,0.5,282,0,2
0.8568605185,0.5,0.1000000015,0.548648,0
0.5,0.5,0.1,0.306599,2
0.5,0.48,0.1,0.980965,1
0.5,0.5,0.200000003,0.76776,1
0.5,0.82,0,0,2
0.5,0.49,0,0,2
0.9206116796,0.5,0.5,0,2
0.5,0.5,0,0.434743,2
0.5,0.5,-0.1000000015,0,2
0.8819966912,0.5,0.200000003,0.748638,1
0.5,0.5,0,0.839997,1
0.5,0.62,0.1,0,2
0.5,0.48,0.2,0,2
0.158880353,0.5,0.400000006,0.915178,1
0.9236706495,0.62,0.4,0.81421,2
0.5,0.5,0.6000000238,0.905785,1
0.8381134272,0.72,0.4,0,2
0.5,0.5,0.5,0,2
0.5,0.5,0.400000006,0.896267,1
0.5,0.5,0,0.381912,2
0.5,0.5,0.8000000119,0.996361,1
0.5,0.94,0.200000003,0.560364,2
0.5,0.5,0,0.862027,2
0.8947761059,0.49,0.400000006,0.903364,1
0.918114543,0.6,0.400000006,0.969115,1
0.5,0.8,0.1,0,2
0.5,0.5,0.2,0.734164,2
0.5,0.5,0.1000000015,0.856395,1
0.5,0.5,0.1,0.938246,1
0.5,0.79,0.2,0.409306,2
0.5,0.5,0.200000003,0.809089,1
0.8703523874,0.69,0.1,0.76804,2
0.5,0.5,0.400000006,0.845138,1
0.5,0.56,0.1000000015,0.509076,0
0.5,0.5,0.8000000119,0.947754,1
0.5,0.5,0,0.921505,2
0.5,0.48,0.1,0.453423,1
0.5,0.65,0.1000000015,0.589507,1
0.8211675882,0.5,0.200000003,0.912189,1
0.9861813188,0.64,0.400000006,0.900255,1
0.5,0.76,0.400000006,0,1
0.5,0.69,0.200000003,0.754361,1
0.5,0.4,0.400000006,0.746615,2
0.5,0.62,0.1000000015,0.70309,1
0.5,0.76,0.200000003,0.715114,1
0.5,0.86,0.5,0.902176,1
0.5,0.48,0.1000000015,0,1
0.5,0.82,0.1000000015,0.687792,1
0.5,0.55,0.1,-0.804987,2
0.8689990044,0.5,0.3,-0.383884,2
0.5,0.5,0.2,0,2
0.5,0.5,0.1,0.531937,2
0.5,0.5,0.400000006,0.908069,1
0.2709751427,0.67,-0.1,-0.744884,0
0.2229886949,0.5,0.3000000119,0.856382,1
0.7086400986,0.7,0.1000000015,-0.398929,0
0.7019824982,0.5,0.200000003,0.475519,1
0.7217033505,0.5,0.3,0.751905,2
0.811856389,0.5,0.5,0.929733,1
0.8582790494,0.98,0.6,0.495248,2
0.5,0.5,0.1000000015,0.514998,1
0.5,0.7,0.200000003,0.954515,2
0.5,0.5,0.3000000119,0.706654,1
0.5,0.5,0.6000000238,0.652797,1
0.5,0.6,0.1,0.610368,2
0.5,0.5,0.200000003,0.897116,1
0.5,0.5,0,0.609368,1
0.5,0.5,0,0.609368,2
0.5,0.5,0.400000006,0.767427,1
0.5,0.5,0.400000006,0.776668,1
0.5,0.98,-0.200000003,-0.626675,2
0.5,0.5,-0.1000000015,-0.360583,0
0.5,0.5,-0.1000000015,-0.429099,2
0.5,0.5,0.1000000015,-0.427383,1
0.5,0.5,0,0.320633,1
0.5,0.5,0.5,0.659165,1
0.8233264685,0.5,0.4,-0.805933,1
0.5,0.4,0.6000000238,0.405473,1
0.5,0.6,0.1000000015,0.720437,2
0.7311778069,0.5,0.1000000015,-0.704067,1
0.5,0.5,0.200000003,-0.307084,1
0.8327611685,0.5,0.3000000119,0,2
0.9164600372,0.5,0.1000000015,0.591026,2
0.5,0.5,0.3000000119,0.565112,2
0.5,0.48,0,0.764555,2
0.853107214,0.5,0.3000000119,-0.312955,2
0.5,0.5,0,-0.439932,1
0.5,0.5,0.1,0.729899,1
0.7246474624,0.5,0.3000000119,0,2
0.5,0.5,0.200000003,0.585701,1
0.5,0.5,0.1000000015,0.585583,1
0.5,0.7,0.1000000015,0.600065,1
0.5,0.64,0.1000000015,0.616101,1
0.5,0.78,0.200000003,0.790321,1
0.8385814428,0.93,0.4,0.885668,1
0.5,0.5,0.200000003,0.877939,2
0.8411070108,0.86,0.8000000119,0.972526,1
0.5,0.48,0.200000003,0.790779,1
0.5,0.5,0.3000000119,0.974164,1
0.5,0.5,0.1000000015,0.752701,1
0.5,0.5,0.200000003,0.879248,1
0.5,0.48,0.8999999762,0.97107,1
0.5,0.98,0.6999999881,0.703124,1
0.5,0.62,0.6999999881,0.982205,1
0.8981736898,0.55,0.400000006,0.934712,1
0.5,0.4,0.5,0.969054,2
0.1790116727,0.99,0.4,0.95197,2
0.1804583073,0.48,0.3000000119,0.493107,1
0.1381949186,0.5,0,0.988573,2
0.5,0.4,0.1000000015,0.849736,1
0.9931147099,0.93,0.8,0.7368,2
0.5,0.4,0.200000003,0.927184,1
0.5,0.91,0,0.876973,2
0.9465346336,0.6,0.5,0.96007,2
0.5,0.5,0.6,0.988573,2
0.9488132,0.2,0.1000000015,0.633428,2
0.5,0.5,0.200000003,0.875901,1
0.8230714202,0.58,0.400000006,0.975529,1
0.9307383299,0.48,0.6000000238,0.863715,1
0.8853600025,0.5,0.400000006,0.747368,1
0.5,0.98,0.3000000119,0.97164,1
0.9387735128,0.58,0.6,0.827527,1
0.5,0.3,0.1000000015,0.612213,1
0.5,0.5,0.200000003,0.680226,1
0.5,0.5,0.200000003,0.782884,1
0.5,0.4,0,0.988573,2
0.8374675512,0.94,0.4,0.994134,2
0.5,0.6,0,0.988573,2
0.8899025917,0.42,0.5,0.968047,2
0.5,0.55,0.3000000119,0.775077,1
0.9275779724,0.5,0.5,0.628452,1
0.7487565875,0.65,0.5,0.714027,0
0.5,0.5,0.400000006,0.959768,1
0.5,0.59,0.8999999762,0.99458,1
0.9643704891,0.92,0.8,0.963146,2
0.5,0.66,0.4,0.988573,2
0.867162168,0.48,0.400000006,0.885402,2
0.5,0.72,0.1000000015,0.770978,0
0.8786425591,0.45,0.6999999881,0.892969,1
0.5,0.91,0.5,0.887522,1
0.5,0.9,0.400000006,0.769903,1
0.5,0.5,0.5,0.983079,1
0.5,0.99,0.5,0.938169,2
0.5,0.45,0,0.988573,2
0.5,0.45,0.3000000119,0.832285,1
0.5,0.8,0.200000003,0.644162,2
0.5,0.5,-0.200000003,-0.833923,2
0.5,0.2,0.8999999762,0.995956,2
0.5,0.8,0.6000000238,0.886648,1
0.5,0.81,0.200000003,0.753319,1
0.7487565875,0.5,0.400000006,0.466814,2
0.8793010712,0.45,0.3000000119,0.69456,1
0.8007860184,0.5,0.400000006,0.933397,1
0.7872320414,0.9,0.3000000119,0.362142,1
0.5,0.75,0.1000000015,0.690704,1
0.5,0.56,0.5,0.994648,1
0.5,98,0.200000003,0.96945,1
0.5,0.53,0,0.979046,2
0.5,0.5,0,0.988573,2
0.5,0.58,0,0.651099,2
0.5,0.55,0.1000000015,0.935281,2
0.5,0.6,0.3000000119,0.783423,1
0.5,0.65,0.3000000119,0.896242,1
0.5,0.49,0,0.663949,1
0.5,0.5,0.1000000015,0.659667,2
0.9488990307,0.5,-0.200000003,0.832595,2
0.9783278108,0.5,0.5,0.551761,2
0.5,0.5,0.3000000119,0.861711,2
0.5,0.6,0.200000003,0.432126,2
0.5,0.5,0.3000000119,0.966286,1
0.5,0.9,0.2,0.624312,2
0.95902282,0.2,0.200000003,0.504739,2
0.5,0.48,0.200000003,0.780763,2
0.5,0.5,0.400000006,0.939245,1
0.5,0.5,0.200000003,0.761516,2
0.9059334397,0.5,0.5,0.895904,2
0.9293678999,0.48,0.4,0.667749,2
0.5,0.49,0,0.833766,2
0.9041327238,0.6,0.5,0.969957,1
0.5,0.98,0.1000000015,0.961035,2
0.5,0.9,0.200000003,0.979898,2
0.9407340884,0.4,0.2,0.984274,2
0.7576224804,0.76,0.1000000015,0.923878,2
0.5,0.68,0.200000003,0.792804,1
0.5,0.5,0.8000000119,0.832673,1
0.5,0.5,0.3000000119,0.828761,2
0.5,0.48,0.5,0.703591,1
0.5,0.5,0.6000000238,0.852675,1
0.5,0.5,0.200000003,0.953697,1
0.96037817,0.5,0.8000000119,0.932287,1
0.5,0.45,0.400000006,0.857271,1
0.8321921229,0.5,0.6999999881,0.875679,1
0.9447836876,0.48,0.5,0.668776,1
0.8382269144,0.5,0.6000000238,0.845262,1
0.5,0.5,0.5,0.634712,1
0.8754299879,0.5,0.1000000015,0.96706,1
0.5,0.5,0.3000000119,0.675472,2
0.5,0.5,0.8000000119,0.901168,1
0.5,0.5,0.6000000238,0.944358,1
0.5,0.5,-0.3000000119,-0.825902,1
0.5,0.5,0.6999999881,0.922634,1
0.5,0.5,0.1000000015,0.936524,1
0.8732504845,0.55,0.5,0.984519,1
0.5,0.52,0.200000003,0.903479,1
0.5,0.5,0.3000000119,0.553988,1
0.5,0.5,0.200000003,0.882205,1
0.5,0.5,0.1000000015,0.777124,1
0.9292459488,0.68,0.4,0.761142,2
0.5,0.5,0.1000000015,0.858093,1
0.5,0.35,0,0.689847,1
0.5,0.5,0.3000000119,0.846587,1
0.5,0.5,0.1000000015,0.99447,1
0.5,0.5,0.200000003,0.884363,1
0.5,0.5,0.5,0.867924,1
0.5,0.5,0.1000000015,0.799251,1
0.5,0.5,0,0.858541,1
0.5,0.5,-0.1000000015,-0.446756,1
0.924051702,0.5,0.8,0.764801,1
0.5,0.5,0.200000003,0.366428,2
0.5,0.5,0.200000003,0.915477,1
0.7565845251,0.5,-0.200000003,0.815174,1
0.2850460112,0.5,0.1,0.979513,1
0.5,0.5,-0.400000006,0.59227,1
0.5,0.5,-0.5,-0.797905,1
0.7365220785,0.4,0.1000000015,0.981325,1
0.5,0.5,0.5,0,1
0.5,0.6,0.200000003,0.875263,1
0.9393848777,0.5,0,-0.797015,0
0.5,0.5,-0.6000000238,0.890683,1
0.8407711983,0.5,0,0.543569,2
0.5,0.5,0.200000003,0.748178,1
0.8957408667,0.5,0,0.764109,1
0.5,0.5,0.8000000119,0.861993,1
0.8102629185,0.6,0.3000000119,0.544197,1
0.9815692902,0.5,0.400000006,0,1
0.5,0.5,0.1000000015,0.315046,1
0.7839347124,0.49,0.3000000119,0.936501,1
0.9817453623,0.49,0.1000000015,0.874736,1
0.8139292002,0.5,0.4,0.537832,1
0.5,0.5,0.1000000015,0.846359,1
0.5,0.5,0,-0.516176,2
0.7906321287,0.5,0.3000000119,0.993866,1
0.9779138565,0.48,0.3000000119,0.624375,1
0.5,0.5,0.200000003,0.705477,1
0.5,0.5,0.1000000015,0.808037,1
0.8916620016,0.5,0.3000000119,0.988372,1
0.8827459812,0.5,0.1000000015,0.550082,1
0.7570694685,0.5,0.1000000015,0.735057,1
0.5,0.5,0,0.706991,1
0.8815587759,0.5,0.3000000119,0.926988,1
0.7352510095,0.5,0.1000000015,0.868932,1
0.5,0.5,-0.1000000015,-0.490383,2
0.5,0.5,0.1000000015,0.92647,2
0.8375600576,0.5,0.8000000119,0.817268,1
0.7169601917,0.48,0.1000000015,0.276185,0
0.9460114241,0.5,0.1000000015,0.53654,0
0.9432681799,0.5,0.4,0.878399,2
0.9161249399,0.5,0.5,-0.542006,2
0.9600068331,0.5,0.200000003,0.79026,2
0.7486802936,0.5,0.1000000015,0.397991,2
0.9522012472,0.5,0.1000000015,0.547742,1
0.5,0.5,0.1000000015,-0.416124,1
0.5,0.1,0.5,0.971096,1
0.5,0.9,0.400000006,0.958201,1
0.9337138534,0.48,0.200000003,0.822974,1
0.8751698136,0.5,0.4,0.745698,1
0.861920476,0.47,0.4,0.592822,1
0.5,0.5,0.1000000015,0.484802,1
0.9159338474,0.7,0.1000000015,0.86626,1
0.5,0.67,0.1000000015,-0.661857,1
0.5,0.5,0.400000006,0.978509,1
0.829025209,0.99,0.8,0.943884,2
0.2834296227,0.48,-0.1,0,2
0.8961594701,0.5,0.200000003,0.726676,2
0.9352703094,0.5,0,-0.766256,0
0.5,0.45,0,0.398363,0
0.8002594709,0.4,0.200000003,0.785619,2
0.9424314499,0.5,0.6,-0.328167,1
0.5,0.65,0,0,2
0.5,0.5,0,-0.864106,2
0.5,0.5,0.200000003,0.610367,1
0.5,0.5,0.1000000015,0.568742,1
0.5,0.6,0.400000006,0.812164,1
0.5,0.7,0.1,0.750001,1
0.5,0.65,0,0,2
0.814414978,0.5,0.1000000015,0.455945,1
0.5,0.5,0,0.306471,2
0.8788992167,0.5,0.200000003,0.526904,1
0.852109313,0.88,0.6999999881,0.770401,0
0.9410808086,0.1,0.58,0.540509,0
0.1869914532,0.5,-0.1,-0.321422,0
0.5,0.48,0,0.238007,2
0.5,0.5,0,0.747107,2
0.6994233131,0.5,0.4,-0.610602,0
0.9362005591,0.1,0.2,0.422455,1
0.5,0.5,0,0,2
0.8598160148,0.5,0.5,0.92214,1
0.8598160148,0.48,0.1000000015,-0.423646,1
0.8826916218,0.5,0.200000003,0.564103,0
0.9614024162,0.2,0.3000000119,0.676078,1
0.5,0.5,0.3000000119,0.769399,1
0.5,0.85,0.1000000015,0,2
0.5,0.5,0,-0.476208,2
0.2290098667,0.5,0.1000000015,0.661515,2
0.5,0.45,0.3000000119,0.587883,0
0.9342120886,0.2,0.46,0.271278,2
0.9335390925,0.5,0.6,0.835688,2
0.9312845469,0.45,0.8,-0.563203,1
0.7608373165,0.5,-0.1000000015,-0.302954,2
0.8892055154,0.5,0.2,0.397607,1
0.5,0.4,0,-0.292628,2
0.5,0.5,0,0.910988,2
0.919701457,0.4,0.1000000015,0,2
0.5,0.5,0,-0.489503,2
0.5,0.4,0.3000000119,0.614621,1
0.2863174677,0.63,-0.1000000015,0.560945,2
0.7600638866,0.48,0.3,0.538907,1
0.842723012,0.5,0.4,0,2
0.9803947806,0.5,0.3000000119,0.834654,1
0.9027349949,0.55,0.8,0,2
0.8767640591,0.5,-0.1000000015,0.377375,0
0.5,0.1,-0.1000000015,-0.472066,2
0.7711378336,0.45,0.200000003,0.731032,2
0.5,0.5,0,0.879638,2
0.5,0.5,0.1000000015,-0.664603,2
0.5,0.48,0,0.787712,2
0.9518440962,0.5,0.6,-0.684982,2
0.7754573822,0.5,-0.1000000015,0.452528,2
0.9264230132,0.5,0.7,0.31221,2
0.87337327,0.2,0.3000000119,0.887301,1
0.5,0.5,0,0,2
0.9918981791,0.5,0.1000000015,0.448959,2
0.8503859043,0.5,0.5,0.899654,2
0.5,0.56,0.1000000015,0.69425,2
0.9855675697,0.5,0.8,0.578002,1
0.95537889,0.6,0.89,-0.320345,1
0.9003551006,0.4,0.1000000015,0.606283,1
0.8755624294,0.6,0.789,0.605313,1
0.5,0.55,0,-0.598609,1
0.5,0.45,0,0,2
0.5,0.5,0.400000006,0.59116,1
0.9520356655,0.89,0.1000000015,-0.279829,0
0.1331730485,0.5,0.400000006,0.958033,2
0.5,0.9,0.400000006,0.958033,0
0.7916911244,0.55,0.1000000015,0,2
0.5,0.48,0,0,2
0.9818977714,0.5,0.200000003,0.69425,2
0.9402065873,0.48,0.85,0.287467,2
0.9167450666,0.5,0.78,0.505942,2
0.9053185582,0.5,0.200000003,0.706083,2
0.5,0.65,0,0,2
0.8193352222,0.5,0.3000000119,0.828469,1
0.9235795736,0.5,0.75,0.670059,2
0.9868735075,0.5,0.687,0,2
0.9169721603,0.5,0.5,0.744345,1
0.9053185582,0.9,0.1000000015,0.718063,2
0.9017180204,0.5,0.897,0.787712,2
0.7846267223,0.5,0.857,0,2
0.5,0.5,0.400000006,0.879966,1
0.9092079997,0.99,0.3000000119,0.928132,1
0.5,0.79,0.8999999762,0.969417,1
0.5,0.9,0.3000000119,0.980897,2
0.9361567497,0.9,0.6000000238,0.961786,1
0.5,0.99,0.200000003,0.985566,2
0.7865899801,0.48,0.200000003,0.972037,2
0.5,0.98,-0.200000003,0.816398,1
0.5,0.58,0,0,2
0.5,0.5,0.1000000015,0.481744,1
0.9948004484,0.9,-0.200000003,-0.946474,2
0.9389414191,0.48,0.3000000119,0.610232,1
0.9053185582,0.92,-0.1000000015,-0.397035,1
0.9479361773,0.1,0.786,-0.318975,0
0.5,0.3,0,0.410351,2
0.5,0.3,-0.3000000119,0.495182,1
0.5,0.2,0.1,-0.481464,1
0.9636111856,0.5,0.400000006,0.658617,1
0.990457058,0.94,0.89502,0.386943,2
0.9498183131,0.1,0.4,0.929922,2
0.5,0.5,0,0.283678,1
0.9489486814,0.5,0.8,0.501517,1
0.5,0.5,0,0.79554,1
0.9564323425,0.5,0.400000006,0.324568,1
0.956232667,0.55,0.400000006,0.781198,1
0.8877207041,0.65,0.1000000015,0,1
0.9951257706,0.48,0.1000000015,0.534997,2
0.9522307515,0.5,0.857,0.399139,2
0.9125044346,0.5,0.6000000238,0.948608,2
0.922358036,0.49,0.78,-0.797549,1
0.9176243544,0.5,0.1000000015,-0.9281,2
0.1990876794,0.5,-0.1,-0.720682,2
0.5,0.5,0,0.787712,2
0.5,0.5,0.1000000015,0.747442,1
0.5,0.5,0,0.797277,1
0.5,0.5,0.5,0.710978,1
0.5,0.96,0.200000003,-0.28769,2
0.5,0.75,0.6000000238,-0.761083,2
0.5,0.4,0.200000003,0.645909,1
0.5,0.82,0.400000006,0.597316,2
0.9959636927,0.64,0.86,0.787712,2
0.9633278847,0.5,0.7809,0,2
0.9490314722,0.5,0.6028,-0.567913,0
0.9156300426,0.1,0.56,0.469475,2
0.8094680905,0.5,0.74,-0.650497,2
0.5,0.5,0.200000003,-0.308416,2
0.7918306589,0.5,0.1000000015,0.542481,2
0.8679423928,0.6,0.200000003,0.69425,2
0.9282257557,0.55,0.85,0.649756,2
0.5,0.5,0.6000000238,0.901826,1
0.5,0.8,0.400000006,0.885107,2
0.5,0.5,0,0.993838,2
0.8149823546,0.9,0.6000000238,0.75302,1
0.5,0.93,0,0.797806,2
0.7552365661,0.5,0.4,0,2
0.9624857903,0.5,0.200000003,0.820482,2
0.8857691288,0.45,0.200000003,0.686006,2
0.5,0.5,0.400000006,0.594743,1
0.5,0.5,0,0.262694,1
0.5,0.5,0,0.825274,2
0.5,0.95,0.3000000119,0.818545,1
0.8778362274,0.63,0.1000000015,0,2
0.9826087952,0.5,0.1000000015,0.824673,2
0.8929492235,0.5,0.52,-0.516617,1
0.8560684919,0.1,0.400000006,0.945456,1
0.8973861933,0.45,0.200000003,0.571632,1
0.9891148806,0.5,0.6999999881,0.97024,1
0.5,0.5,0,0.617437,1
0.9783278108,0.5,0.1000000015,0.988573,2
0.9831265211,0.9,0.9,0.726032,2
0.9840482473,0.5,0.4,0.988573,2
0.8821783066,0.93,0.1000000015,0.802682,1
0.5,0.56,0.1000000015,0.74653,2
0.5,0.5,0.1000000015,0.807971,1
0.8635582328,0.71,0.8000000119,0.853313,1
0.5,0.92,0,0.686428,1
0.7990192175,0.5,0.1000000015,0.440749,2
0.7421429753,0.5,0.2,0,2
0.9012116194,0.5,0.3000000119,0.762429,1
0.5,0.5,0.3000000119,0.580493,1
0.8137234449,0.5,0.3000000119,-0.45754,2
0.5,0.1,0.1000000015,0,2
0.5,0.5,0,0.420096,2
0.5,0.4,0,-0.261814,1
0.5,0.5,0.400000006,0.745957,1
0.5,0.909,0,0.754432,1
0.5,0.67,0,0,2
0.5,0.5,0,-0.33841,1
0.5,0.4,0.1000000015,0.29042,2
0.5,0.4,0.200000003,0.831013,1
0.8002594709,0.5,0.42,0,2
0.908077836,0.5,0.75,-0.577961,2
0.5,0.5,0.46,0.363535,1
0.5,0.1,0,-0.70231,2
0.5,0.1,0.200000003,0.69425,2
0.7052212954,0.55,0.87,0.546852,0
0.5,0.1,0,0.93541,2
0.8042239547,0.5,0.8000000119,0.889439,1
0.9204750061,0.89,0.87,0,2
0.9269899726,0.5,0.6999999881,0.811325,2
0.5,0.55,0,0.651223,2
0.816137135,0.5,0.200000003,-0.416445,2
0.7995163202,0.5,0.67,0.369777,0
0.2548376918,0.2,0.200000003,0.624818,2
0.8707918525,0.5,0.3000000119,0.789929,2
0.5,0.5,0.3000000119,0.68982,1
0.5,0.5,0,-0.312544,2
0.8743984699,0.5,0.68,0.615546,2
0.5,0.5,-0.1000000015,0.28335,1
0.5,0.5,0.8000000119,0.725523,2
0.5,0.6,0,0.958273,2
0.5,0.5,0,0,2
0.7688121796,0.5,0.67,0.556263,2
0.5,0.5,0,-0.53929,2
0.5,0.1,0.200000003,0.464288,0
0.5,0.5,0,-0.293799,2
0.5,0.45,-0.1000000015,0.359051,0
0.0838370621,0.4,0.200000003,0.622327,2
0.5,0.65,0.200000003,0.537833,0
0.5,0.65,0.1000000015,0.955481,1
0.5,0.5,0.8000000119,0.804337,2
0.5,0.56,0.200000003,0.732049,1
0.5,0.56,-0.1000000015,0.81307,2
0.8619561791,0.76,0.5,0.649016,2
0.5,0.5,0.200000003,0.554691,2
0.5,0.5,0,0.988573,2
0.7837767601,0.94,0.85,0,2
0.5,0.5,0,0,2
0.5,0.5,0,0.680574,2
0.2084361017,0.5,0.1,0.988573,2
0.5,0.94,0.8999999762,0.985928,1
0.2100224793,0.67,0.200000003,0.895645,2
0.5,0.5,0.200000003,0.930705,1
0.7072749138,0.94,0.200000003,0.674674,1
0.5,0.88,0.3000000119,0.666868,2
0.5,0.5,0.400000006,0.876098,2
0.5,0.63,0.8999999762,0.570632,2
0.1387834251,0.5,-0.1,0.637883,1
0.5,0.5,0,0.707902,2
0.2916431129,0.5,0.5,0.809205,2
0.5,0.5,0.400000006,0.509612,2
0.5,0.5,0.8000000119,0.914649,1
0.5,0.84,0,0.946867,2
0.5,0.5,0,0,2
0.5,0.5,0.1000000015,0.934934,0
0.5,0.2,0.1000000015,0.988573,1
0.5,0.6,0.1000000015,0.770914,2
0.5,0.5,0,0.350155,2
0.5,0.45,0.1000000015,0.842878,1
0.8045690656,0.4,0.400000006,0.792964,1
0.0966130793,0.5,0.3000000119,0.7637,1
0.5,0.95,0.8000000119,0.98259,1
0.8479021788,0.99,0.8000000119,0.881942,1
0.5,0.5,0.400000006,0.722271,1
0.9123394489,0.66,0.78,0.812289,2
0.5,0.5,0,0,2
0.5,0.5,0.200000003,0.885429,1
0.5,0.93,0.400000006,0.590299,0
0.9329003096,0.2,0.6,-0.450871,1
0.9013622999,0.4,0.7,0.979046,2
0.8890601397,0.5,0.7,0,2
0.3013283014,0.5,0.1000000015,0.780074,2
0.5,0.6,0,0.338476,2
0.5,0.5,0.6999999881,0.768064,1
0.5,0.56,0,0.790109,2
0.5,0.5,0.400000006,0.624455,1
0.5,0.78,0.400000006,0.773587,1
0.9964415431,0.5,0.400000006,0.932699,2
0.7430685163,0.5,-0.200000003,0.921084,2
0.8060814142,0.6,0.3000000119,0.990811,1
0.5,0.5,0,0.939063,2
0.8151894808,0.5,0.4,0,2
0.1584499478,0.5,0.1000000015,0.866041,0
0.5,0.5,-0.200000003,-0.51511,1
0.7589907646,0.6,0.200000003,0.776722,1
0.1423820853,0.5,0.1,0.961168,0
0.5,0.5,0.5,0.858453,2
0.8033093214,0.5,0.200000003,0.868761,2
0.9108190536,0.5,0.6,0.948996,2
0.1830807924,0.5,0.4,0,1
0.5,0.6,0.200000003,0.678335,2
0.8958493471,0.7,0.8999999762,0.790629,1
0.5,0.56,0.6000000238,0.909861,1
0.2108629346,0.99,0.8999999762,0.960368,2
0.5,0.97,0.6999999881,0.857108,2
0.6880940795,0.5,0.5,0.881689,1
0.8626734018,0.56,0.4,0.945664,2
0.5,0.5,0,0,1
0.8113592863,0.5,0.200000003,0.820002,1
0.7133671641,0.5,0.200000003,0.755626,2
0.5,0.5,0.1000000015,0.757701,1
0.1737973988,0.5,-0.1,0,2
0.5,0.5,0,0.951486,2
0.5,0.5,0,0,2
0.5,0.5,0.200000003,0.729392,2
0.5,0.6,0.400000006,0.600018,1
0.8307906389,0.5,0.6999999881,0.91543,1
0.8601881862,0.84,0.200000003,0.834388,1
0.5,0.62,0.5,0.855822,2
0.5,0.5,0,-0.529894,2
0.5,0.5,0,0.943389,2
0.5,0.5,0,0,0
0.5,0.5,0.400000006,0.950472,2
0.3097750843,0.6,0.5,0.851961,0
0.9725986719,0.5,0.400000006,0.701787,1
0.5,0.96,0.1000000015,-0.295913,1
0.5,0.6,0,0.889469,2
0.5,0.5,0,0.268269,2
0.2886212468,0.5,0.1000000015,0.69752,2
0.5,0.6,0,0,2
0.5,0.5,0.1000000015,0.642833,0
0.2435569465,0.4,-0.1,0.963146,2
0.889313817,0.56,0.5,0.466447,1
0.811673522,0.5,0.6000000238,0.700502,2
0.8972305059,0.6,0.4,0.965751,2
0.5,0.5,0,0,2
0.9178701043,0.5,0.3000000119,0.856899,1
0.5,0.7,0,-0.537071,2
0.2606549263,0.48,0.3000000119,0.634334,2
0.8109840751,0.5,0.200000003,0.972614,2
0.9295032024,0.5,0.3000000119,0.705909,1
0.8930590153,0.75,0.200000003,0.750717,1
0.8926622272,0.66,-0.1000000015,0.852437,0
0.8036193848,0.5,0.6000000238,0.709139,2
0.2054876089,0.6,0.5,0.606475,1
0.7824465036,0.58,0.1000000015,0.930551,2
0.8974611759,0.5,0.5,0,2
0.9422672987,0.5,0.200000003,0.954572,0
0.5,0.5,0,0.313474,0
0.5,0.5,0.1000000015,-0.290426,0
0.9265524149,0.5,0.3000000119,0.678977,1
0.7596136332,0.5,0.1000000015,0.756004,0
0.7537640333,0.5,0.200000003,0.444845,1
0.7837082148,0.83,0.3000000119,0.754926,1
0.2457289398,0.82,0.6000000238,0.784773,1
0.6902650595,0.78,0.6999999881,0.938937,2
0.0982075036,0.91,-0.3,0.986271,2
0.310906589,0.96,-0.2,0.988573,2
0.180077523,0.94,-0.3,0.788573,2
0.9440011382,0.56,0.400000006,0.890045,1
0.7790538073,0.5,0.200000003,0.499295,1
0.9723059535,0.5,0.400000006,0.968672,1
0.9723059535,0.6,0.3000000119,0.700789,1
0.8341042995,0.5,0.8000000119,0.881195,1
0.1640466154,0.5,0.5,0.852875,1
0.8491026163,0.96,0.6,0.771122,2
0.8335907459,0.5,0.200000003,0.793376,2
0.5,0.5,0,0.406283,2
0.8548539877,0.5,0.200000003,0.81545,2
0.8276599646,0.5,-0.1000000015,-0.425477,0
0.8043444157,0.5,0.87,0.895265,2
0.5,0.5,0.5,0.895277,1
0.8277795315,0.5,0.5,0.853626,1
0.2284673452,0.704,0.8999999762,0.991036,1
0.8626363277,0.9,0.3000000119,0.851737,2
0.9577375054,0.5,0.3000000119,0.839821,2
0.8111072779,0.5,0.8000000119,0.983031,1
0.752673924,0.5,0.200000003,0.937601,1
0.9968479276,0.97,0.1000000015,0.793066,1
0.9538787603,0.76,0.869,0.980856,2
0.9739308357,0.6,0.5,0.898772,1
0.9699565172,0.91,0.89,-0.814686,1
0.8949838877,0.5,0.3000000119,0.955687,1
0.9769207239,0.55,0.87,0.955055,2
0.9347273707,0.5,0.3000000119,0.975606,1
0.7216308713,0.5,0.57,0.909384,2
0.5,0.5,0.1000000015,0.495636,1
0.5,0.5,0.1000000015,0.897092,1
0.2662698627,0.5,0.200000003,0.437006,2
0.7673466802,0.8,0.87,0,1
0.5,0.5,0,0.892057,1
0.747482717,0.6,0.1000000015,0.841734,1
0.5,0.5,-0.1000000015,0.579855,2
0.5,0.5,0.1000000015,-0.728383,2
0.5,0.5,0.200000003,0.641245,1
0.8175479174,0.5,0.5,0.5257,1
0.5,0.5,0.200000003,0.979426,1
0.9522887468,0.5,-0.6000000238,0.755537,2
0.5,0.5,0.1000000015,0.752329,1
0.5,0.5,0,-0.573334,2
0.5,0.5,0.3000000119,0.895395,1
0.5,0.92,-0.1000000015,0.684833,1
0.5,0.5,0,0,0
0.5,0.5,0.8999999762,0.993566,1
0.9090130329,0.95,0.1000000015,0.835607,1
0.5,0.803,0.200000003,0.850099,2
0.5,0.5,0.3000000119,0.770724,2
0.9185698628,0.5,0.200000003,0.655321,2
0.0621877611,0.5,0.200000003,0.599819,2
0.5,0.5,-0.200000003,0.622904,2
0.5,0.5,0.6999999881,0.733031,2
0.816239357,0.86,0.87,0.651518,2
0.5,0.5,-0.200000003,0.545683,2
0.5,0.5,0.200000003,0.782407,2
0.2117869258,0.5,0.5,0.84522,2
0.1730436981,0.5,0.6000000238,0.949457,2
0.2389864326,0.5,-0.1,-0.563514,2
0.5,0.5,0,0.481895,2
0.7206721306,0.5,-0.3000000119,-0.366171,0
0.7567756176,0.2,0.3000000119,0.34082,0
0.5,0.5,0,-0.401709,1
0.768132925,0.4,0.200000003,0.83835,1
0.5,0.55,0.3000000119,0.956934,0
0.5,0.5,0.3000000119,0.743256,1
0.2673871219,0.5,-0.400000006,-0.455532,0
0.0904975236,0.25,-0.2,0.586789,1
0.1104514003,0.5,0.400000006,0.515628,2
0.8335907459,0.5,0.400000006,0.452493,2
0.5,0.5,0.200000003,0.828859,2
0.9378864765,0.5,0.200000003,0.878818,2
0.9468666911,0.7,0.87,0.965053,2
0.9664824009,0.8,0.400000006,0.745106,0
0.970626235,0.65,0.89,0.619262,1
0.5,0.5,0.200000003,0.584692,2
0.7922861576,0.5,-0.6000000238,0.470844,0
0.5,0.5,0,0.898431,2
0.8143051863,0.5,0.1000000015,0.637461,2
0.5,0.5,0,0.387857,2
0.5,0.5,0,0,2
0.9449967742,0.5,0.3000000119,0.659025,1
0.5,0.5,0.5,0.920361,2
0.115031302,0.5,0.400000006,0.597141,1
0.9402530193,0.7,0.87,0.958841,2
0.1769013703,0.5,0.1000000015,0.693204,2
0.5,0.55,0.200000003,0.526496,1
0.2369206846,0.5,0.5,0.880155,1
0.7813259363,0.89,0.400000006,0.775597,2
0.816646874,0.6,0.3000000119,0.385666,2
0.5,0.5,0.3000000119,0.787726,2
0.9365590215,0.5,0.200000003,0.755026,1
0.2335234284,0.88,0.8999999762,0.995,2
0.8458324075,0.91,0.5,0.898358,1
0.8146353364,0.95,0.3000000119,0.739103,1
0.5,0.59,0.6000000238,0.929227,1
0.9217882156,0.99,0.87,0.545944,2
0.9349011183,0.85,0.3000000119,0.879051,1
0.9379136562,0.5,0.89,0.920533,1
0.6949287653,0.5,0.1000000015,0.729979,1
0.9595277309,0.5,0.57,0.81206,1
0.5,0.5,0.3000000119,0.670604,1
0.9626238942,0.85,0.5,0.985965,2
0.5,0.5,0.400000006,0.860745,1
0.9508376122,0.5,0.200000003,0.849638,2
0.8913305998,0.5,0.6000000238,0.899357,1
0.7721067071,0.99,0.200000003,0.718201,1
0.5,0.5,0,0.517962,0
0.5,0.5,0,0.460557,0
0.5,0.5,0.200000003,0.4763,2
0.5,0.5,0,0.407745,2
0.5,0.66,0.400000006,-0.339268,0
0.5,0.5,0.200000003,0.554099,2
0.1197263002,0.5,-0.1,-0.297692,1
0.8242220879,0.5,0.200000003,0.832177,1
0.5,0.5,0.3000000119,0.790169,0
0.5,0.5,0.200000003,0.414467,2
0.5,0.5,0,0,2
0.5,0.5,0.3000000119,0.45516,2
0.727707088,0.5,0.56,0.650803,1
0.5,0.5,0.3000000119,0.722515,2
0.5,0.5,0.5,0.726352,0
0.8722491264,0.6,0.400000006,0.75211,1
0.2875854373,0.5,0.200000003,0.669397,1
0.8393529654,0.5,0.1000000015,0.651794,2
0.5,0.5,0,0.600227,1
0.5,0.5,0.5,0.916037,1
0.9504487514,0.99,0.200000003,0.935104,1
0.7977489829,0.715,0.3000000119,0.543098,2
0.7721815109,0.78,0.58,0,2
0.9534697533,0.5,0.76,0.616907,0
0.5,0.5,0,0.624872,2
0.5,0.6,0.6000000238,0.927753,1
0.7409540415,0.69,-0.5,0.475637,0
0.5,0.4,0.200000003,0.96529,2
0.5,0.5,0,0.689525,1
0.5,0.5,0.200000003,-0.262622,1
0.7833118439,0.5,0.2,0.538188,0
0.5,0.5,0,0.465755,1
0.5,0.5,0.3000000119,0.76608,1
0.5,0.5,0.1000000015,0.796897,1
0.1221992075,0.5,-0.1,-0.739023,0
0.8977588415,0.4,0.1,-0.297509,1
0.8056364059,0.4,-0.200000003,0.306158,2
0.5,0.1,0,0,2
0.5,0.5,0.200000003,0.430197,2
0.5,0.5,0.3000000119,0.925357,2
0.8642795086,0.5,-0.1000000015,-0.354365,2
0.5,0.5,-0.3000000119,0.777245,2
0.7357074022,0.5,0.200000003,0.511644,2
0.7393779159,0.5,0.4,0.742786,1
0.5,0.5,0.3000000119,0.679952,1
0.152366966,0.5,-0.1,0,2
0.5,0.5,0.200000003,0.868214,2
0.2177335024,0.6,0.3000000119,0.777627,1
0.8182966709,0.6,0.3000000119,0.560081,1
0.2881360948,0.5,0.3000000119,0.627228,2
0.2356398702,0.79,-0.1,0,2
0.8335907459,0.4,0.200000003,0.755553,1
0.5,0.5,0.3000000119,0.981095,2
0.8192314506,0.73,0.1000000015,0.484005,1
0.6794471741,0.74,0.400000006,0.687544,1
0.7619915605,0.5,0.200000003,0.725838,1
0.5,0.704,0.6999999881,0.997276,1
0.948441267,0.89,0.87,0,2
0.5,0.5,0,0.373961,0
0.5,0.5,0,0.673008,2
0.9542301297,0.5,0.89,-0.244793,2
0.9715849757,0.3,0.1000000015,0.9016,2
0.9502313137,0.4,-0.6000000238,-0.253224,2
0.5,0.5,0.3000000119,0.601676,2
0.1887845099,0.55,0.200000003,0.909466,2
0.5,0.5,0.5,0.890158,1
0.6999745965,0.62,0.4,0.775962,1
0.1265987456,0.7,-0.1,0.988573,1
0.5,0.97,0,0,2
0.5,0.5,0.200000003,0.663005,1
0.5,0.98,0,0,2
0.1972666383,0.5,-0.1,0.553732,1
0.7518550158,0.77,0.5,-0.532437,1
0.7828122973,0.72,0.400000006,-0.662903,2
0.8835505247,0.5,0.3000000119,0.636341,2
0.8485029936,0.65,0.200000003,0,2
0.5,0.5,0.1000000015,0.606575,1
0.8839517236,0.5,0.200000003,0.69425,2
0.0927842557,0.55,-0.200000003,-0.393057,2
0.8817698956,0.5,0.3000000119,0,2
0.3017525673,0.5,-0.1,-0.644835,2
0.9238854647,0.5,0.8,0.580363,2
0.8057129383,0.5,0.8999999762,0.897534,2
0.230951339,0.6,0.3000000119,0.676839,1
0.5,0.55,0.5,0.999147,2
0.319196105,0.9,0.200000003,0,2
0.7529886961,0.5,0.5,0,2
0.5,0.5,0,-0.685627,2
0.5,0.5,0,0,2
0.8442850709,0.5,0.7,0.69022,1
0.890503943,0.5,0.7,0,2
0.5,0.5,0,0,2
0.9948004484,0.5,0.8,0,2
0.5,0.5,0.200000003,0.584635,0
0.5,0.52,0,0,2
0.905154705,0.5,0.400000006,0.71776,1
0.5,0.94,0.1000000015,0.820639,1
0.8018319607,0.5,0.3000000119,0.820335,1
0.5,0.76,0,0,2
0.7966527939,0.5,0.5,0,2
0.939545095,0.5,0.400000006,0.889432,2
0.8638553619,0.5,0.7,0,2
0.8832917213,0.5,0.3000000119,0.672667,1
0.9000461102,0.75,0.200000003,0.543158,1
0.9146858454,0.5,0.1000000015,0.791219,2
0.9411212802,0.5,0.4,0.684093,1
0.9477670193,0.5,0.3000000119,0.856479,0
0.5,0.5,0,0,2
0.8787169456,0.5,0.7,0,2
0.8520112038,0.5,0.6,0,2
0.5,0.5,0,0,2
0.7644661069,0.5,0.4,0.929853,1
0.5,0.91,0,0,2
0.7609831691,0.5,0.3000000119,0.977817,1
0.8430373073,0.93,0.1000000015,0.791219,2
0.7927620411,0.5,0.4,0.932551,2
0.5,0.91,0,0,2
0.9468415976,0.5,0.200000003,0.756615,1
0.8485029936,0.5,0.1000000015,0.791219,2
0.5,0.5,0,0.838811,1
0.5,0.5,0,0,2
0.8875466585,0.5,0.78,0,2
0.8079420924,0.5,0.3000000119,0.72151,0
0.5,0.5,0.1000000015,0.791219,2
0.5,0.5,0.1000000015,0.463839,2
0.5,0.5,0,0,2
0.1748917103,0.5,-0.1,0,2
0.5,0.5,0,0,2
0.5,0.5,0.200000003,0.490863,1
0.2386282384,0.5,0.1000000015,0.791219,2
0.9398233294,0.5,0.200000003,0.866997,1
0.5,0.5,0,0,2
0.9329218864,0.5,0.8,0,2
0.8485029936,0.5,0.7,0.611234,1
0.8517068624,0.5,1120,0,2
0.5,0.5,0,0.711296,1
0.7868636847,0.55,0.6,0,2
0.825889945,0.5,0.7,0,2
0.8451482058,0.5,0.7,0.902249,2
0.5,0.5,-0.1000000015,0.273772,2
0.8485029936,0.5,0.1000000015,0.791219,2
0.5,0.5,0,0.949471,2
0.8261007071,0.5,0.76,0.902249,2
0.8953385949,0.5,0.7,0,2
0.5,0.5,0,0.58976,2
0.5,0.5,0,0,2
0.7918015718,0.5,0.1000000015,0.470778,1
0.7929016352,0.64,0.46,0,2
0.6927216649,0.5,0.5,0,2
0.8402535319,0.5,0.7,0,2
0.5,0.5,0.1,0.805351,1
0.5,0.5,0.1000000015,0.791219,2
0.8485029936,0.5,-0.1000000015,0.513431,0
0.2387999296,0.55,0.1000000015,0.65544,1
0.9121568203,0.5,0.7,0,2
0.5,0.5,0.100015,0,2
0.8215389252,0.5,0.1000000015,0.531881,0
0.5,0.5,0.1000000015,0.791219,2
0.5,0.5,0.200000003,0.71358,1
0.7678960562,0.5,-0.1000000015,0.562288,1
0.7426396012,0.5,0.57,0,2
0.8399969935,0.5,0.75,0,2
0.5,0.5,0.1,0.728581,2
0.5,0.5,0.10002,0.437375,0
0.5,0.5,0.1000000015,0.791219,2
0.775362134,0.5,0.48,0,2
0.8253932595,0.5,0.78,0.526945,0
0.5,0.4,0.1,0.728581,2
0.5,0.5,0.1000000015,0.539347,1
0.9343538284,0.56,0.1000000015,0.791219,2
0.5,0.5,0.1000000015,0.762816,1
0.5,0.78,0.1,0,2
0.9832094312,0.5,0.4,0,2
0.864156127,0.5,0.75,0,2
0.5,0.5,0.400000006,0.819729,1
0.5,0.5,0.1000000015,0.791219,2
0.8532209396,0.5,0.78,0,2
0.956595242,0.5,0.1000000015,0.625855,0
0.5,0.5,0.1,0,2
0.5,0.5,0.200000003,0.678132,1
0.5,0.5,0.1000000015,0.791219,2
0.5,0.5,0.1,0.559572,1
0.5,0.5,0.1,0,2
0.5,0.5,0.1,0,2
0.8950246572,0.5,0.75,0.811318,2
0.5,0.5,0.400000006,0.936606,1
0.8253932595,0.5,0.75,0,2
0.5,0.5,0.1,0,2
0.8801489472,0.5,0.200000003,0.623617,0
0.5,0.5,0.1,0,2
0.5,0.5,0.1,0,2
0.9628150463,0.5,0.54,0.703984,2
0.9361134768,0.5,0.200000003,0.49664,2
0.9363771081,0.5,0.5,0,2
0.8164686561,0.5,0.3000000119,0.837132,1
0.5,0.55,0.1000000015,0.791219,2
0.294215858,0.5,-0.1,0.45263,1
0.8010441065,0.5,0.8,0,2
0.9472807646,0.5,0.453,0,2
0.5,0.5,0.200000003,0.882469,2
0.9905344844,0.6,0.78,0,2
0.9507541656,0.5,0.1000000015,0,2
0.2172992826,0.5,0.200000003,0.468127,0
0.5,0.4,0.1000000015,0.791219,2
0.8485029936,0.5,0.1000000015,0.521754,1
0.9529106617,0.5,0.87,0,2
0.8932999372,0.5,0.1000000015,0,2
0.9569950104,0.5,0.1000000015,0.791219,2
0.5,0.5,0.1000000015,0.822532,1
0.5,0.94,0.1,0,2
0.8174275756,0.5,0.78,0,2
0.5,0.5,0.1000000015,0.599695,2
0.9627557397,0.5,0.87,0,2
0.8485029936,0.5,0.78,0.423065,0
0.5,0.4,0.3000000119,0.76439,1
0.9040586352,0.5,0.87,0,2
0.5,0.5,0.1,0,2
0.5,0.5,0.6999999881,0.985224,1
0.8104119301,0.98,0.6000000238,0.965167,1
0.5,0.5,0.6999999881,0.975852,2
0.5,0.5,0.1,0,2
0.2069302797,0.5,0.200000003,0.445194,0
0.9231840372,0.5,0.200000003,0.849288,1
0.1914826035,0.5,0.400000006,0.915434,1
0.5,0.5,0.1,0.70598,1
0.5,0.5,0.3000000119,0.911226,1
0.5,0.5,0.5,0.852743,2
0.5,0.5,-0.1000000015,-0.53742,0
0.5,0.5,0.3000000119,0.788095,1
0.5,0.5,0.200000003,0.802964,0
0.5,0.5,0.200000003,0.945717,0
0.8755881786,0.5,0.85,0,2
0.5,0.5,-0.200000003,0.476624,0
0.5,0.5,0.1,0.516475,1
0.5,0.5,-0.6999999881,-0.765348,1
0.5,0.5,0.1000000015,0.514354,1
0.8488630056,0.6,0.200000003,0.89528,1
0.5,0.5,0.6000000238,0.875904,1
0.8367998004,0.99,0.78,0.7985,2
0.7724486589,0.5,0.1000000015,0.791219,2
0.5,0.5,-0.1000000015,0.715505,2
0.5,0.5,0.1000000015,0.611626,1
0.5,0.5,0.1000000015,0,2
0.5,0.5,-0.1000000015,0.776021,1
0.8974425793,0.5,0.1000000015,0.692855,0
0.8735377192,0.5,0.87,0.563668,1
0.5,0.5,0.1000000015,0.507178,0
0.9955767393,0.5,0.3000000119,0.585602,1
0.9853692651,0.5,0.9,0.608066,1
0.7904590368,0.5,0.67,0.725285,1
0.7481592894,0.5,0.3000000119,0.891185,1
0.9948004484,0.5,0.9,-0.47812,0
0.7529538274,0.5,0.1000000015,0.887759,1
0.9088584185,0.5,0.89,0,2
0.9554066062,0.5,0.200000003,0.878622,0
0.7844665647,0.56,0.400000006,0.939845,1
0.5,0.5,0.400000006,0.981687,1
0.7723357677,0.5,-0.1000000015,-0.510637,1
0.5,0.5,0.200000003,0.672319,1
0.5,0.5,0.1000000015,0.738299,1
0.5,0.5,0.1,-0.453038,1
0.5,0.5,0.1,0.812166,0
0.1766685843,0.5,0.200000003,0.786603,0
0.5,0.5,-0.1000000015,-0.271919,0
0.5,0.5,0.1,0,2
0.5,0.5,0.1,0.717108,2
0.5,0.5,0.1,-0.467597,0
0.9482241869,0.5,0.8,0.744958,1
0.7626891136,0.5,0.67,0.607678,1
0.5,0.5,0.1,0.290116,1
0.5,0.5,0.3000000119,0.985956,1
0.2000481784,0.5,-0.1,0.83767,1
0.9166392088,0.81,0.3000000119,0.943123,2
0.7650659084,0.6,-0.1000000015,0,2
0.8817979693,0.5,0.8,0,2
0.8638265133,0.5,0.7,0,2
0.5,0.5,0.1,0,2
0.7861366868,0.5,0.7,0,2
0.8775246143,0.5,0.1000000015,-0.488886,2
0.7284626365,0.4,0.1000000015,0.791219,2
0.8208388686,0.5,0.78,0.80153,2
0.5,0.5,0.1000000015,0.637414,1
0.5,0.5,0.1,0,2
0.8692772388,0.5,0.200000003,0.555948,2
0.5,0.64,0.1,0,2
0.9804503918,0.5,0.200000003,0.759198,1
0.5,0.5,0.1,0,2
0.2506176233,0.5,-0.1,0,2
0.9562067389,0.5,0.87,0,2
0.8019199371,0.5,0.78,0,2
0.7359941602,0.5,0.200000003,-0.357957,1
0.5,0.5,0.1000000015,0.791219,2
0.2170099318,0.5,0.200000003,0.767542,1
0.1902222037,0.53,-0.1,0.27478,1
0.824749589,0.5,0.802,0,2
0.5,0.5,0.1000000015,0.420951,0
0.9092589021,0.5,0.1000000015,0.791219,2
0.5,0.5,0.200000003,0.816136,1
0.5,0.5,0.200000003,0.558518,1
0.5,0.5,0.1,0,2
0.5,0.5,-0.3000000119,-0.598559,0
0.5,0.2,0.5,0.790615,0
0.7213589549,0.98,0.78,0.988573,1
0.5,0.93,0.1000000015,0.574769,0
0.5,0.5,0.1,-0.586947,2
0.8603670597,0.5,0.400000006,0.884016,1
0.5,0.6,0.6000000238,0.59894,1
0.2801674604,0.65,0.400000006,0.875206,1
0.7561969161,0.95,-0.3000000119,-0.558735,2
0.5,0.5,0.200000003,0.569009,0
0.9124140739,0.55,0.400000006,0.775907,1
0.5,5,0.1,0.564156,2
0.5,0.5,0.5,0.926254,1
0.5,0.5,0.200000003,0.633038,1
0.5,0.5,0.1,-0.677819,1
0.7385720015,0.5,0.67,0.732119,1
0.5,0.5,0.1000000015,0.68192,2
0.9494063258,0.5,0.8,0.577718,1
0.1944514811,0.5,-0.1,-0.287068,0
0.5,0.5,-0.1000000015,-0.844607,2
0.5,0.5,0.1000000015,0.355513,2
0.5,0.5,-0.200000003,0.66207,2
0.8734929562,0.5,0.1000000015,0.523252,1
0.7317814827,0.55,0.7,-0.309086,1
0.5,0.5,0.400000006,0.705426,1
0.2178336382,0.96,-0.1,-0.346326,2
0.8414097428,0.5,0.7,-0.385726,2
0.7415823936,0.5,0.67,0.331236,2
0.8051844835,0.5,0.75,0.551555,1
0.2112206221,0.88,0.400000006,0.873539,2
0.7640166879,0.5,0.67,0.421986,2
0.8927507997,0.3,0.5,0.676815,2
0.806278944,0.5,0.400000006,0.601712,1
0.5,0.83,0.400000006,0.800525,1
0.930398047,0.97,0.200000003,0.816136,2
0.5,0.5,0.1,-0.677819,2
0.9452432394,0.5,0.200000003,0.622871,2
0.5,0.5,0.1,-0.346326,2
0.5,0.5,0.200000003,0.622871,2
0.7543776631,0.5,0.67,0,1
0.8500921726,0.5,0.78,0,2
0.9107211828,0.5,0.89,0,2
0.5,0.5,0.1,0,2
0.5,0.5,0.400000006,0.826478,0
0.5,0.6,0.1000000015,0.410944,1
0.8009003401,0.6,0.78,0.688752,0
0.2965390086,0.2,-0.1,0.636386,2
0.5,0.5,0.1,0.340174,1
0.7666399479,0.5,0.3000000119,0.615808,0
0.5,0.65,0.200000003,0.85651,1
0.985168457,0.55,0.200000003,0.808826,2
0.5,0.56,0.3000000119,0.761712,1
0.5,0.71,0.3000000119,0.841977,1
0.5,0.79,0.1,0,2
0.9452892542,0.5,0.8,0.671932,0
0.8454850912,0.5,0.400000006,0.688431,1
0.5,0.67,0.200000003,0.758945,1
0.5,0.69,0.3000000119,0.889751,1
0.5,0.6,0.1,-0.395472,0
0.5,0.5,0.1,0,2
0.8284388781,0.5,0.7,-0.663049,0
0.5,0.4,0.1000000015,0.624057,0
0.5,0.5,0.1,0.701527,2
0.5,0.5,0.200000003,-0.32255,0
0.5,0.1,0.1000000015,0,2
0.215285629,0.5,-0.1,0,1
0.5,0.5,0.1,-0.551485,0
0.5,0.5,0.400000006,0.817797,0
0.5,0.64,0.2,0,2
0.8533761501,0.5,0.400000006,0.373355,0
0.5,0.5,0.200000003,0.374722,0
0.9436018467,0.5,0.78,0.488747,0
0.5,0.7,0.200000003,0.881846,0
0.5,0.92,0.6000000238,0.920498,1
0.9662989378,0.6,0.8,0,2
0.9440000057,0.5,0.78,0.706802,0
0.5,0.56,0.400000006,0.812504,1
0.2807616591,0.96,0.5,0.851215,1
0.5,0.97,0.3000000119,0.673266,2
0.5,0.56,0.5,0.511807,1
0.9323295355,0.82,0.1000000015,0.488089,2
0.5,0.5,0.12,0,2
0.1244641244,0.5,0.1000000015,0.882541,2
0.2665623724,0.5,0.5,0.799449,1
0.5,0.97,0.2,0,2
0.5,0.5,0.1,0.825477,0
0.5,0.5,0.200000003,0.503029,2
0.5,0.5,0.1,0,2
0.5,0.5,0.12,-0.897554,0
0.5,0.2,0.200000003,0.805087,0
0.7772384882,0.7,0.78,0,2
0.5,0.5,0.2,-0.26804,2
0.5,0.5,0.200000003,0.59427,2
0.8120169044,0.56,-0.1000000015,0.687506,0
0.5,0.5,0.400000006,0.770376,2
0.5,0.5,0.1,0,2
0.8485029936,0.5,0.1000000015,0.442055,2
0.5,0.5,0.1000000015,0.785261,1
0.5,0.5,0.3000000119,0.658977,1
0.905880928,0.5,0.8,0.544813,1
0.9618573785,0.5,0.7,0.83164,2
0.5,0.5,0.3000000119,0.744055,1
0.5,0.96,-0.1000000015,-0.55131,2
0.5,0.5,0.400000006,0.532399,2
0.7029919624,0.5,0.67,0.47644,2
0.9546626806,0.5,0.8,-0.318406,2
0.5,0.5,0.200000003,0.805873,2
0.8401985765,0.5,0.78,0.588412,0
0.7748060822,0.45,0.1000000015,0.568656,2
0.5,0.5,0.1,0.47644,2
0.5,0.5,0.2,0,2
0.9370835423,0.5,0.200000003,0.724204,2
0.7732830048,0.5,0.7,-0.522438,2
0.9971975088,0.5,0.3000000119,0.67627,2
0.5,0.5,0.1,0.73835,2
0.5,0.5,0.112,0.73142,2
0.9654307365,0.5,0.8,0,2
0.9266741276,0.5,0.78,0.635862,2
0.9830358028,0.5,0.87,0.258105,1
0.9353299737,0.5,0.1000000015,0.787712,2
0.5,0.5,0.1,0.47644,2
0.5,0.5,0.2,0.652797,2
0.7656775713,0.5,0.67,0.482436,2
0.9000461102,0.55,0.1000000015,0.627092,2
0.9268413782,0.5,0.8,0.874337,1
0.7917759418,0.5,0.200000003,0.843696,2
0.5,0.5,0.1,0.47644,2
0.9878256917,0.5,0.200000003,0.709281,2
0.5,0.5,0.1,0.47644,2
0.9184685946,0.5,-0.3000000119,-0.780623,2
0.7574849129,0.5,0.1000000015,0.50021,2
0.5,0.5,0.1,0.47644,2
0.9734777212,0.5,0.1000000015,-0.358434,2
0.931987524,0.5,0.1000000015,0.319221,2
0.5,0.5,0.2,0.787712,2
0.5,0.5,0.1,0.47644,2
0.5,0.5,0.400000006,0.91705,2
0.5,0.5,0.1,-0.589521,2
0.5,0.5,0.3000000119,0.608632,2
0.5,0.5,0,0.901426,2
0.7628365755,0.5,0.3000000119,0.859085,2
0.5,0.5,0.400000006,0.880721,2
0.3181118965,0.5,0.400000006,0.466433,2
0.7790482044,0.5,0.400000006,0.868208,2
0.5,0.5,0.3000000119,0.938801,2
0.5,0.5,0.200000003,0.875532,2
0.5,0.5,0.200000003,0.779887,2
0.5,0.5,0.3000000119,0.757052,2
0.5,0.5,0.1000000015,0.729064,2
0.5,0.5,0.400000006,0.466728,2
0.5,0.5,0.200000003,0.834979,2
0.7571037412,0.5,0.3000000119,0.915978,2
0.5,0.5,0.5,0.918877,2
0.5,0.5,0.6000000238,0.984334,2
0.8066148758,0.5,0.6000000238,0.988279,2
0.8571869135,0.5,0.7,0.675368,2
0.5,0.5,0.3000000119,0.879014,1
0.8327581286,0.5,0.200000003,0,2
0.5,0.5,0,0.392221,2
0.8626908064,0.5,0.4,0.959061,2
0.9008817673,0.5,0.1000000015,0.607372,2
0.954425633,0.5,0.200000003,0.453132,2
0.2942332327,0.5,0.1000000015,0.573502,2
0.9368106723,0.5,0.3000000119,0.84044,1
0.9055558443,0.5,0.200000003,0.703219,2
0.5,0.5,0.1000000015,0.993384,2
0.5,0.5,0.200000003,0.740505,2
0.8559019566,0.5,0.87,0.858104,2
0.5,0.5,0.200000003,0.995682,2
0.5,0.5,0.1000000015,0.868585,2
0.9337552786,0.5,0.6000000238,0.885116,2
0.9710603356,0.5,0.78,-0.334577,2
0.2325617671,0.5,0.6000000238,0.524488,2
0.5,0.5,-0.1000000015,-0.562243,2
0.5,0.5,0,0.367419,2
0.2233151495,0.5,-0.1,0.545082,2
0.8979083896,0.5,0.6,-0.422727,2
0.979506731,0.5,0.6000000238,0.940831,2
0.5,0.5,0,0.889355,2
0.5,0.5,0.6000000238,0.877951,2
0.9121226072,0.5,0.400000006,0.882959,1
0.5,0.55,0.6000000238,0.934877,2
0.5,0.5,0.1,-0.628518,2
0.5,0.5,0.2,0.871834,2
0.765378654,0.5,0.6000000238,0.979878,2
0.5,0.5,0.1,0,2
0.5,0.5,0.400000006,0.905103,1
0.5,0.5,0.6000000238,0.997792,1
0.5,0.5,0.400000006,0.899139,2
0.6963919401,0.5,0.4,0.614648,2
0.5,0.5,-0.1000000015,-0.609286,2
0.5,0.5,0.8999999762,0.997762,2
0.5,0.5,0.3000000119,0.767228,2
0.5,0.5,0.1,0.47644,2
0.5,0.5,-0.1000000015,-0.55131,2
0.0769366026,0.5,0.3000000119,0.584534,2
,0.5,0.1000000015,0.629408,2
0.8058190346,0.708,0.45,0.855145,0
0.5,0.1,0,0.855145,0
0.1822890043,0.1,-0.1,-0.340434,2
0.6963919401,0.5,0.3000000119,0.740921,1
0.6963919401,0.71,0.3000000119,0.655247,2
0.8550369143,0.5,0.1000000015,0.882411,2
0.5,0.5,-0.1000000015,-0.465351,2
0.5,0.4,0.200000003,0.605042,2
0.5,0.5,0.1,0.47644,2
0.8332858682,0.5,0.65,0.48075,2
0.8980699182,0.5,0.400000006,0.848269,2
0.5,0.5,0.200000003,0,2
0.5,0.5,0.1000000015,0.452481,2
0.5,0.5,0.1,0,2
0.9153794646,0.5,0.200000003,0.936078,1
0.7748939991,0.62,0.7,0.277392,2
0.5,0.5,0.200000003,0.40074,2
0.7510518432,0.5,0.64,0.656278,2
0.5,0.5,0.1,-0.396618,0
0.5,0.6,0.1,0,1
0.9216732979,0.76,0.200000003,0.967439,0
0.8935550451,0.1,0.6999999881,0.75709,1
0.5,0.76,0,0.47644,2
0.5,0.5,0.200000003,0.474308,2
0.5,0.5,0.3000000119,0.727322,1
0.9035936594,0.65,0.7,0.500482,2
0.5,0.5,0.1,0.556487,2
0.5,0.5,0.2,0.843581,2
0.5,0.5,0.200000003,0.690719,1
0.8195006847,0.6,-0.400000006,-0.421585,2
0.9412270784,0.5,0.4,0.30524,2
0.7438271642,0.5,0.67,0.627524,2
0.21972242,0.5,-0.1,0.612939,2
0.5,0.5,0.5,0.554955,2
0.2474860847,0.78,-0.1,0,2
0.9733538628,0.5,0.200000003,0.69425,2
0.5,0.56,0.200000003,0.639816,2
0.8709538579,0.5,0.1000000015,0.543597,2
0.2933121324,0.5,0.200000003,0.622117,2
0.7000285983,0.5,0.1000000015,0.643315,2
0.8248087168,0.5,0.6000000238,0.826953,0
0.252166152,0.5,-0.1,0,2
0.5,0.5,0.1000000015,0.388125,2
0.5,0.5,0.5,0.800013,1
0.7628321052,0.704,0.6000000238,0.907066,1
0.5,0.5,0.1,0.504317,0
0.831195116,0.4,0.77,0.747662,0
0.9739308357,0.5,0.400000006,0.916637,1
0.5,0.5,0.1,0,2
0.7963292599,0.5,0.67,0.988573,2
0.772262156,0.9,0.87,-0.564087,1
0.2705128789,0.5,0.200000003,0.389142,0
0.8328126669,0.5,0.8,0,2
0.9948004484,0.5,0.200000003,0.406906,0
0.8009975553,0.5,0.1000000015,-0.46193,2
0.5,0.5,0.1000000015,0.925065,0
0.8369828463,0.5,0.200000003,0.623995,0
0.5,0.5,0.1,-0.706916,0
0.8714971542,0.5,0.67,0,2
0.5,0.5,0.1000000015,0.47643,0
0.5,0.5,0.200000003,0.449256,0
0.7638696432,0.6,0.7,-0.59097,1
0.5,0.5,0.400000006,0.832648,2
0.5,0.5,0.3000000119,0.769915,2
0.3141739964,0.6,0.8000000119,0.943379,1
0.6738964915,0.6,0.6,0,2
0.7626569271,0.5,0.3000000119,0.756488,1
0.5,0.6,0.1000000015,-0.324261,1
0.5,0.5,0.400000006,0.499901,1
0.5,0.5,0.400000006,0.903857,1
0.5,0.95,0.1,-0.586947,2
0.8335907459,0.5,0.7,-0.349359,2
0.8187476397,0.5,0.3,-0.559251,0
0.7976285219,0.5,0.200000003,0.280943,1
0.1063764393,0.5,0.1000000015,0.50767,1
0.5,0.5,-0.1000000015,0.672349,2
0.8613980412,0.5,0.200000003,0,1
0.5,0.5,-0.1000000015,-0.567235,0
0.7409406304,0.5,0.67,0.570413,2
0.9655246735,0.5,-0.3000000119,0,0
0.7193841338,0.5,0.7,0,2
0.5,0.5,0.3000000119,0.704663,1
0.5,0.5,0.200000003,0.42751,2
0.5,0.5,0.1,-0.688073,1
0.786272645,0.5,0.67,0.814066,1
0.5,0.5,0.200000003,0.88777,1
0.5,0.5,0.1,-0.282409,1
0.5,0.5,0.3000000119,0.798727,1
0.5,0.93,0.1,0.648545,1
0.5,0.5,0.1,0.91315,2
0.5,0.5,0.200000003,0.661659,1
0.5,0.5,0.2,0.567432,1
0.8065028191,0.5,0.78,0.892506,2
0.5,0.5,0.1,0.38463,1
0.5,0.5,0.3000000119,0.840907,1
0.8770673275,0.5,0.7,0.843979,1
0.5,0.5,0.3000000119,0.625725,2
0.9635094404,0.5,0.8,0.843138,2
0.5,0.77,0.200000003,-0.438129,2
0.5,0.5,0.200000003,0.460965,2
0.9115571976,0.5,-0.200000003,-0.329289,2
0.5,0.5,0.8000000119,0.990046,1
0.5,0.85,0.400000006,0.476052,2
0.5,0.5,0.1,0.318982,0
0.5,0.5,0.200000003,0.719311,1
0.5,0.65,0.3000000119,0.358423,2
0.5,0.5,0.1000000015,0.460564,1
0.5,0.6,0.2,0,2
0.5,0.5,-0.1000000015,0,2
0.5,0.5,0.1,-0.724924,2
0.5,0.5,0.2,0.450193,0
0.838424623,0.5,0.400000006,0.879386,1
0.5,0.5,0.1,0.988573,2
0.5,0.75,0.3,-0.584501,0
0.706306994,0.5,0.6000000238,0.968806,1
0.9556344748,0.66,0.200000003,0.536219,0
0.7037098408,0.5,0.6,-0.567447,0
0.8335907459,0.5,0.200000003,0.529697,0
0.5,0.5,0.400000006,0.744097,1
0.5,0.89,0.8000000119,0.969753,1
0.5,0.93,0.5,0.802285,2
0.9827268124,0.52,0.8,0,2
0.5,0.5,0.1000000015,0.804086,1
0.9805051088,0.5,0.200000003,0.876726,2
0.5,0.6,0.200000003,0.551233,1
0.8574373722,0.89,0.1000000015,0.630402,2
0.9062217474,0.5,0.200000003,0.647855,2
0.5,0.6,0.1,0.863225,1
0.8887835741,0.5,0.64,0,2
0.8418505192,5,0.400000006,0.935838,1
0.5,0.55,0.200000003,0.627926,0
0.7177510262,0.5,0.3000000119,0.921392,1
0.5,0.5,0,0.988573,2
0.9539773464,0.83,0.1000000015,0.912579,1
0.5,0.5,0.200000003,0.468697,0
0.5,0.5,0.5,0.791838,2
0.5,0.5,0,0.540065,0
0.9059073925,0.5,0.6999999881,0,2
0.8644787073,0.5,0.3000000119,0.802853,2
0.5,0.83,0.67,0,2
0.5,0.5,0,-0.412546,0
0.7470662594,0.5,0.6999999881,0.953443,2
0.5,0.86,0.3000000119,0.945885,1
0.84974581,0.61,0.3000000119,0.913397,1
0.5,0.5,0.400000006,0.901549,1
0.8335470557,0.5,0.7,0.865715,2
0.5,0.5,0.3000000119,0.681861,1
0.9128280282,0.58,0.200000003,0.77367,2
0.5,0.5,0.200000003,0.649239,1
0.5,0.3,0.3000000119,0.791393,0
0.9490451217,0.5,0.6000000238,0.50894,2
0.5,0.5,0.5,0.698421,1
0.5,0.5,0,0,2
0.5,0.5,0.200000003,0.276747,2
0.5,0.5,0.3000000119,0.774171,2
0.5,0.5,0,0.638212,2
0.5,0.5,0.400000006,0.792529,1
0.5,0.64,0.3000000119,0.461203,2
0.5,0.56,0.3000000119,0.730981,0
0.5,0.5,0,0.604179,2
0.5,0.5,0,0,2
0.5,0.5,0.1000000015,-0.486193,0
0.5,0.5,0.1000000015,-0.342689,0
0.5,0.3,0,-0.323023,0
0.5,0.4,0,-0.756639,0
0.7487565875,0.5,0.1000000015,0.79639,2
0.5,0.5,0,0,2
